1,0.23110438943087308,0.022883007914441474,0.9601154575938848,-0.15182115107458843,0.018326096263002595,1.005190438999032,0.3393739763690677,0.21759867503548383,1.0127856167221359,-0.2864233793485715,0.22542437155818362,1.0345999678121283,0.2883847284763451,0.31089084895450253,0.849399368853911,-0.39118189521630237,0.27555281512903834,0.823286699667589,0.0,0.0,0.0,0.0,0.0,0.0,0.0,0.0,0.0,0.0,0.0,0.0,0.0,0.0,0.0,0.0,0.0,0.0,0.0025495474387428507,-0.2981096325676255,0.8072509392279321,0.030961288668723098,-0.05433374172481867,0.9385445090732832
2,0.2431813701276179,0.03094261655513855,0.9500893058465336,-0.1512515167644923,0.026181913492254943,0.9870258430122143,0.3370066663533134,0.22929639913587632,0.9947945018803174,-0.2812195082839252,0.22948084228818402,1.0336815633831478,0.2652823707375061,0.3162455428906194,0.8352091938316083,-0.3924441823407931,0.2750789220854047,0.8255109261928327,0.0,0.0,0.0,0.0,0.0,0.0,0.0,0.0,0.0,0.0,0.0,0.0,0.0,0.0,0.0,0.0,0.0,0.0,0.006524241331974208,-0.28385858775075,0.7863635587661367,0.018627575120711417,-0.050475139527070535,0.9107741442458425
3,0.24405336483253637,0.03152107799775377,0.9485680880582894,-0.15170090750494658,0.02549504256405474,0.9866488408459971,0.3376360320608276,0.22885556356015904,0.9953608295472187,-0.2812176748330815,0.22856397622594352,1.034988029296999,0.2701535379209787,0.3147014965448558,0.8392197363837376,-0.39141372868980334,0.27475144160486237,0.8268240032366178,0.0,0.0,0.0,0.0,0.0,0.0,0.0,0.0,0.0,0.0,0.0,0.0,0.0,0.0,0.0,0.0,0.0,0.0,0.008014195095705065,-0.283898960645603,0.7873900237130157,0.01929426988329404,-0.05020716838356229,0.9100793372151758
4,0.2439240765899457,0.029700543870682317,0.9517514535516253,-0.15054941047834922,0.026917926183087654,0.9850656206375065,0.3393626203805678,0.22693075978208851,0.9971981897714667,-0.2815884664829594,0.22920149023701905,1.0333336609726214,0.2652823707375061,0.3162455428906194,0.8352091938316083,-0.39141372868980334,0.27475144160486237,0.8268240032366178,0.0,0.0,0.0,0.0,0.0,0.0,0.0,0.0,0.0,0.0,0.0,0.0,0.0,0.0,0.0,0.0,0.0,0.0,0.02254702574925194,-0.2807161623558212,0.7889696883955858,0.021251378100256554,-0.049419777832047755,0.9098380302842459
5,0.2439240765899457,0.029700543870682317,0.9517514535516253,-0.1513200136542843,0.025193200691214935,0.9875222725722592,0.33885792922930325,0.22710010821447765,0.9968813937616678,-0.28105123944828253,0.2285701953508221,1.033347651271833,0.2652823707375061,0.3162455428906194,0.8352091938316083,-0.39141372868980334,0.27475144160486237,0.8268240032366178,0.0,0.0,0.0,0.0,0.0,0.0,0.0,0.0,0.0,0.0,0.0,0.0,0.0,0.0,0.0,0.0,0.0,0.0,0.008826914020227623,-0.28391170528778736,0.7875633868202253,0.018714401900025688,-0.05019926054016344,0.9108281108340615
6,0.2458368021840739,0.030404287369362896,0.9530513099394156,-0.15170090750494658,0.02549504256405474,0.9866488408459971,0.3376825089464129,0.22723809192191213,0.9970074653825046,-0.2802008958268558,0.22959770961429568,1.0354530038127918,0.2701535379209787,0.3147014965448558,0.8392197363837376,-0.39141372868980334,0.27475144160486237,0.8268240032366178,0.0,0.0,0.0,0.0,0.0,0.0,0.0,0.0,0.0,0.0,0.0,0.0,0.0,0.0,0.0,0.0,0.0,0.0,0.006524241331974208,-0.28385858775075,0.7863635587661367,0.018522457700774417,-0.05004211221851073,0.9122838944719862
7,0.2458368021840739,0.030404287369362896,0.9530513099394156,-0.14987512625818875,0.024580255567988717,0.9864909146741029,0.3412860365022607,0.22622022699787045,0.999455440203142,-0.2794707379413213,0.22962133271903015,1.0352493184269025,0.2614807792478282,0.317335286921886,0.8334434015024373,-0.3924441823407931,0.2750789220854047,0.8255109261928327,0.0,0.0,0.0,0.0,0.0,0.0,0.0,0.0,0.0,0.0,0.0,0.0,0.0,0.0,0.0,0.0,0.0,0.0,0.011137435520947888,-0.28397775165392836,0.7887881494825902,0.02074334462285156,-0.04953717834117327,0.9142288318248535
8,0.2458368021840739,0.030404287369362896,0.9530513099394156,-0.14950296891608802,0.024275229748748562,0.9873604270318697,0.3396195086513378,0.22653115012612848,0.9992687499270986,-0.28189283733152154,0.22967262634952043,1.0357397093305665,0.2614807792478282,0.317335286921886,0.8334434015024373,-0.39141372868980334,0.27475144160486237,0.8268240032366178,0.0,0.0,0.0,0.0,0.0,0.0,0.0,0.0,0.0,0.0,0.0,0.0,0.0,0.0,0.0,0.0,0.0,0.0,0.02254702574925194,-0.2807161623558212,0.7889696883955858,0.019117320358827124,-0.049582966352524876,0.9136270658559494
9,0.2458368021840739,0.030404287369362896,0.9530513099394156,-0.14984620565281118,0.02509432669159002,0.9876261669037811,0.3412860365022607,0.22622022699787045,0.999455440203142,-0.28210329946848955,0.22895299663800853,1.0358663226831435,0.2652823707375061,0.3162455428906194,0.8352091938316083,-0.39194435022297763,0.273693977041342,0.8269647104203187,0.0,0.0,0.0,0.0,0.0,0.0,0.0,0.0,0.0,0.0,0.0,0.0,0.0,0.0,0.0,0.0,0.0,0.0,0.02254702574925194,-0.2807161623558212,0.7889696883955858,0.018714401900025688,-0.05019926054016344,0.9108281108340615
10,0.24509367603471308,0.03165047548510673,0.9513844069011487,-0.1513200136542843,0.025193200691214935,0.9875222725722592,0.33975637830881933,0.22805420836487797,0.9986936172307003,-0.28169626532705155,0.2295474189452431,1.0354687848344717,0.2690200011371486,0.3151306823880042,0.836965831909651,-0.3915894133945881,0.27521215496826873,0.8250095931164331,0.0,0.0,0.0,0.0,0.0,0.0,0.0,0.0,0.0,0.0,0.0,0.0,0.0,0.0,0.0,0.0,0.0,0.0,0.011950886021504386,-0.2839895671508864,0.7889605915624712,0.02098992862963295,-0.04933233801539843,0.9101414391270782
11,0.24405336483253637,0.03152107799775377,0.9485680880582894,-0.15170090750494658,0.02549504256405474,0.9866488408459971,0.33844194905020664,0.22831759147077613,0.9969947632248407,-0.2817726497574637,0.22852405289553968,1.0346847039770137,0.27269264869595705,0.3139908770178414,0.8387128985214615,-0.3924106016920648,0.27449294996750445,0.8256230620788101,0.0,0.0,0.0,0.0,0.0,0.0,0.0,0.0,0.0,0.0,0.0,0.0,0.0,0.0,0.0,0.0,0.0,0.0,0.01660358248581132,-0.28416043897822324,0.7914867707555941,0.020295757935702177,-0.04960931089823151,0.9108405769921468
12,0.2430038161600003,0.03138721335014264,0.9457541675320408,-0.1494348775609525,0.025261777323801568,0.9868646557966647,0.33948689380411495,0.2266559439753748,0.9974480843546173,-0.2821457295109288,0.22885216349816906,1.034544995988539,0.2690200011371486,0.3151306823880042,0.836965831909651,-0.39429322044389037,0.27468825780832634,0.8248062241523414,0.0,0.0,0.0,0.0,0.0,0.0,0.0,0.0,0.0,0.0,0.0,0.0,0.0,0.0,0.0,0.0,0.0,0.0,0.018940592327501296,-0.28426570710116783,0.7927874217529941,0.01929426988329404,-0.05020716838356229,0.9100793372151758
13,0.24205962332077113,0.031233882851496704,0.949396207849905,-0.1512515167644923,0.026181913492254943,0.9870258430122143,0.34132248757574296,0.22375077190174789,0.9988635025149448,-0.28309010810366747,0.22921641258764056,1.03265004449419,0.2663753397226776,0.31580376829647827,0.8374567746172187,-0.39344266417049323,0.2748209339742414,0.8243084729362372,0.0,0.0,0.0,0.0,0.0,0.0,0.0,0.0,0.0,0.0,0.0,0.0,0.0,0.0,0.0,0.0,0.0,0.0,0.01660358248581132,-0.28416043897822324,0.7914867707555941,0.020824967302736173,-0.04948593054455619,0.9079342135133449
14,0.2398993195047887,0.03138910254344132,0.9458991904620205,-0.1512515167644923,0.026181913492254943,0.9870258430122143,0.339553862592007,0.22419559999605476,0.9968677682669768,-0.283404266237727,0.22855002157585666,1.033798122742726,0.2690200011371486,0.3151306823880042,0.836965831909651,-0.39344266417049323,0.2748209339742414,0.8243084729362372,0.0,0.0,0.0,0.0,0.0,0.0,0.0,0.0,0.0,0.0,0.0,0.0,0.0,0.0,0.0,0.0,0.0,0.0,0.032855365404999344,-0.28125680294650574,0.7945897988566104,0.020334085664683508,-0.05045999662159931,0.9057944756667023
15,0.23975889027259079,0.029575731763338196,0.949068737987524,-0.15124153265138968,0.025951140854731446,0.9873403694322551,0.3387051111989811,0.2206078755769109,0.9966171785050347,-0.2826309868042765,0.22955195617586777,1.03316329283995,0.2701535379209787,0.3147014965448558,0.8392197363837376,-0.3931319677627362,0.2738916288130701,0.8239484104858069,0.0,0.0,0.0,0.0,0.0,0.0,0.0,0.0,0.0,0.0,0.0,0.0,0.0,0.0,0.0,0.0,0.0,0.0,0.007624750445069732,-0.28747532590007113,0.7925681804443838,0.020077679911308516,-0.05093012075574151,0.9066413249148959
16,0.2386369051260892,0.02986796767005544,0.9483759071426885,-0.15024080142272003,0.02474035468370903,0.9884954314057959,0.3387051111989811,0.2206078755769109,0.9966171785050347,-0.28269304511734,0.2275440188376927,1.034371652157689,0.267234503928922,0.3122115665115292,0.8394321414596799,-0.39342161970944856,0.2742233339879285,0.824417903322417,0.0,0.0,0.0,0.0,0.0,0.0,0.0,0.0,0.0,0.0,0.0,0.0,0.0,0.0,0.0,0.0,0.0,0.0,0.03003533021996371,-0.2848392356933168,0.7985923021263586,0.01906229961517945,-0.05189335649545851,0.902820162031691
17,0.2386369051260892,0.02986796767005544,0.9483759071426885,-0.14802906326953613,0.023289777233060818,0.9895171249705843,0.33658825007183224,0.22302684813498871,0.9942914684739482,-0.2831027759241312,0.22808459573746862,1.0343384853233613,0.2652823707375061,0.3162455428906194,0.8352091938316083,-0.3950132065007748,0.2740877641260028,0.8231294955459932,0.0,0.0,0.0,0.0,0.0,0.0,0.0,0.0,0.0,0.0,0.0,0.0,0.0,0.0,0.0,0.0,0.0,0.0,0.051165826623879994,-0.2856859862769159,0.8033362884393389,0.023876144114599207,-0.05199314531301355,0.8951610317682732
18,0.2408801598758854,0.029283680400048813,0.9497611290808899,-0.14696244228709776,0.023067147257948038,0.9901729950924677,0.3382150301499905,0.22268475505775664,0.995231915887426,-0.28389699623476883,0.22697010240417992,1.0344458827877003,0.2652823707375061,0.3162455428906194,0.8352091938316083,-0.3976196621466077,0.27368235101362337,0.8206319913456211,0.0,0.0,0.0,0.0,0.0,0.0,0.0,0.0,0.0,0.0,0.0,0.0,0.0,0.0,0.0,0.0,0.0,0.0,0.05273001998944685,-0.28574248946965924,0.8037194494346888,0.03304130669994796,-0.05006863760044563,0.8939385495602146
19,0.2391322352594306,0.028121983056163324,0.9528090284559303,-0.14438722097362,0.021060019580416953,0.9923631202288892,0.33970621634152537,0.2207081106378531,0.996994736878337,-0.2846491045222547,0.22675330697015147,1.035159298169131,0.2663753397226776,0.31580376829647827,0.8374567746172187,-0.39648371774664065,0.27348342907237666,0.819677646902376,0.0,0.0,0.0,0.0,0.0,0.0,0.0,0.0,0.0,0.0,0.0,0.0,0.0,0.0,0.0,0.0,0.0,0.0,0.031620715000431586,-0.29209840953642835,0.8040139720793276,0.0322452954747701,-0.05027756732094616,0.8940476347166365
20,0.2386840857561871,0.026205542347041002,0.9609279628942085,-0.1472417846380149,0.02191153288910849,0.9948615305845229,0.3364702146627559,0.2231356939528301,0.9932483354558421,-0.285427527632454,0.22587586696976927,1.034427919966632,0.2652823707375061,0.3162455428906194,0.8352091938316083,-0.39545137629694316,0.2731539449732566,0.820989605157367,0.0,0.0,0.0,0.0,0.0,0.0,0.0,0.0,0.0,0.0,0.0,0.0,0.0,0.0,0.0,0.0,0.0,0.0,0.01997888318051208,-0.29526168714490497,0.8029858963527865,0.03340792073707685,-0.05117985801583357,0.8893106952922705
21,0.2280549636281118,0.014501478356141954,0.9778787158050036,-0.14492061844121604,0.018483781012369974,1.0022884301191353,0.33607530586838585,0.22319753731029301,0.9939763245561313,-0.2854158932861256,0.22580894132671067,1.035119148326585,0.2701535379209787,0.3147014965448558,0.8392197363837376,-0.39545137629694316,0.2731539449732566,0.820989605157367,0.0,0.0,0.0,0.0,0.0,0.0,0.0,0.0,0.0,0.0,0.0,0.0,0.0,0.0,0.0,0.0,0.0,0.0,0.025550590935704606,-0.3028098640642265,0.8179496818028498,0.03694367059312307,-0.053764791459924084,0.897605331717903
22,0.24069803987881688,0.025477811437049712,0.973810333055191,-0.14168349428068927,0.016068586020568987,1.0085161461546086,0.3362451547104495,0.22308736649107327,0.995787668215041,-0.28535611271575984,0.22429932210375692,1.0365291377904635,0.2564385983790465,0.3218913598891787,0.8296298036796121,-0.3937574592111938,0.27341889825627436,0.8200030043733975,0.0,0.0,0.0,0.0,0.0,0.0,0.0,0.0,0.0,0.0,0.0,0.0,0.0,0.0,0.0,0.0,0.0,0.0,0.03337497762513858,-0.3069802922173025,0.8270095411281008,0.03771587899663758,-0.05555035250097621,0.8975347550647671
23,0.24206314995887535,0.023298112267263388,0.9841264021720547,-0.1358536408794054,0.01869843312705004,1.0089107826575516,0.3372985822208648,0.22542973834446853,0.9951104187315364,-0.2819491446296737,0.22373164377052154,1.0386006670054704,0.28283327495914,0.3167518256344845,0.8405329754109229,-0.3937574592111938,0.27341889825627436,0.8200030043733975,0.0,0.0,0.0,0.0,0.0,0.0,0.0,0.0,0.0,0.0,0.0,0.0,0.0,0.0,0.0,0.0,0.0,0.0,0.03037794549729632,-0.3108588707602527,0.8370301887337586,0.04061250469450014,-0.058111720491653744,0.9016958036759641
24,0.23171740771816626,0.0063229981933107604,1.0084684879612176,-0.13725246332222454,0.012553954014764343,1.0185035587015665,0.33825149166365925,0.22210419350673596,0.9982592063494673,-0.2803192956438207,0.22250625644360197,1.0389506677932046,0.2718954578099288,0.3229949178316735,0.8286762873356702,-0.3937574592111938,0.27341889825627436,0.8200030043733975,0.0,0.0,0.0,0.0,0.0,0.0,0.0,0.0,0.0,0.0,0.0,0.0,0.0,0.0,0.0,0.0,0.0,0.0,0.03516630492972978,-0.3114572209080341,0.8402771623410021,0.04418978022258219,-0.06067203349632888,0.9147095223619018
25,0.23456007639716445,-0.009521803409433115,1.0309451439449238,-0.10746181744174159,-0.0033207804751843348,1.0470854699404266,0.3369964771498916,0.22236797705994418,0.9966007817978856,-0.2810972475699389,0.22246544058304532,1.0324324113893664,0.272299062094611,0.3187597317278564,0.8289230205652512,0.0,0.0,0.0,0.0,0.0,0.0,0.0,0.0,0.0,0.0,0.0,0.0,0.0,0.0,0.0,0.0,0.0,0.0,0.0,0.0,0.0,0.0,0.0,0.0,0.038307127149826675,-0.06948211859813841,0.9757777472251284
26,0.24496164214169255,0.00516142891592981,1.0290719720790014,-0.1294374709069613,0.013596839651212507,1.0274984162806275,0.35383681119352556,0.20508709016100296,1.0139709773655539,-0.27709986462604935,0.21787857885484266,1.0449851189602437,0.24849349665925452,0.3423683003640659,0.7949341892972361,-0.3961876361392449,0.2725515628781093,0.8193206128857856,0.0,0.0,0.0,0.0,0.0,0.0,0.0,0.0,0.0,0.0,0.0,0.0,0.0,0.0,0.0,0.0,0.0,0.0,0.02117754808049054,-0.3158245776406391,0.8536973445386462,0.05523477365210864,-0.061137954002083966,0.9191052673585673
27,0.24915052776335705,0.017065000447276636,1.0389131909993603,-0.13682083523008357,0.019333734301127465,1.0295013439545284,0.3347912592046058,0.23194036949655203,0.9979595010266094,-0.2769725655360114,0.21816650559486553,1.0530067922680972,0.0,0.0,0.0,0.0,0.0,0.0,0.0,0.0,0.0,0.0,0.0,0.0,0.0,0.0,0.0,0.0,0.0,0.0,0.0,0.0,0.0,0.0,0.0,0.0,0.02117754808049054,-0.3158245776406391,0.8536973445386462,0.06226547940351825,-0.04584260946812796,0.8617300755621402
28,0.23229922508120557,0.027204108348564543,0.9368010099527652,-0.12967386089403013,0.018257204728663688,1.031178574373499,0.33583611888360093,0.22774659101335062,1.0034712517777868,-0.27563957261930777,0.21816074393969767,1.0519992562369722,0.0,0.0,0.0,0.0,0.0,0.0,0.0,0.0,0.0,0.0,0.0,0.0,0.0,0.0,0.0,0.0,0.0,0.0,0.0,0.0,0.0,0.0,0.0,0.0,0.01976828980700561,-0.32083048518154694,0.8629633553894465,0.06950610497256306,-0.05227314324174379,0.9015004444992875
29,0.22951497327852058,0.013498855614738734,0.9842822506970198,-0.1492999949187935,0.014312369263901479,1.0468977552081633,0.3352413802144512,0.212062930663927,1.0063809213171862,-0.27101355991321674,0.21652377712599555,1.043983995671022,0.23579002570721358,0.33980308975227325,0.7886123770252633,-0.3963891921991511,0.2724024816291536,0.8176277088899419,0.0,0.0,0.0,0.0,0.0,0.0,0.0,0.0,0.0,0.0,0.0,0.0,0.0,0.0,0.0,0.0,0.0,0.0,0.03297964359490061,-0.32203934687900726,0.8745793706342813,0.056053592001128576,-0.07371793644003258,0.9606943303397794
30,0.23195172309171186,0.02496660064846722,0.9513460111437597,-0.1260109124003861,0.016117955328845347,1.04234989592372,0.3315500715838208,0.21850213824186998,1.0183756510491437,-0.268048558766754,0.21271555481427465,1.048215325411255,0.0,0.0,0.0,0.0,0.0,0.0,0.0,0.0,0.0,0.0,0.0,0.0,0.0,0.0,0.0,0.0,0.0,0.0,0.0,0.0,0.0,0.0,0.0,0.0,0.056989639801038834,-0.3316012763249553,0.9102441416093874,0.06583596049125674,-0.061860969821369266,0.9379860028400167
31,0.22308861920848644,0.016178110217257353,1.0693384350820423,-0.13434762802762573,0.0046548404402572624,1.0768023499737873,0.32991830684028317,0.2174167384585094,1.0183437700342917,-0.270000421521978,0.21115227497937206,1.0438263451252847,0.0,0.0,0.0,0.0,0.0,0.0,0.0,0.0,0.0,0.0,0.0,0.0,0.0,0.0,0.0,0.0,0.0,0.0,0.0,0.0,0.0,0.0,0.0,0.0,0.0,0.0,0.0,0.04328727951286846,-0.07646255115776929,1.0445988497815855
32,0.2238690806965737,0.015018378777985217,1.0784306557862051,-0.1325321758401519,0.0017042393953344964,1.0852985916032123,0.3317826519192502,0.21408031401362373,1.0219515192721786,-0.27104156367922316,0.20981446786229013,1.0511078795324371,0.0,0.0,0.0,0.0,0.0,0.0,0.0,0.0,0.0,0.0,0.0,0.0,0.0,0.0,0.0,0.0,0.0,0.0,0.0,0.0,0.0,0.0,0.0,0.0,0.0,0.0,0.0,0.04536889096270606,-0.07995283010631934,1.055770195692244
33,0.22406790023097534,0.01464734501879512,1.0838911201827328,-0.1341534458731763,0.0010036493844796162,1.0922900603384673,0.3283372876483324,0.21182596966703818,1.01813469872106,-0.2731660512570055,0.2102129891765794,1.057935142254475,0.0,0.0,0.0,0.0,0.0,0.0,0.0,0.0,0.0,0.0,0.0,0.0,0.0,0.0,0.0,0.0,0.0,0.0,0.0,0.0,0.0,0.0,0.0,0.0,0.0,0.0,0.0,0.04661056642431045,-0.08012902645203518,1.0635581622548693
34,0.22661436169143054,0.01585635107286642,1.093041340726715,-0.13475485505661036,-0.0015411429795408314,1.1004799836847365,0.3234022167646274,0.20944097260219377,1.0194202546766085,-0.2661037166787295,0.20770775852651177,1.068864417153789,0.0,0.0,0.0,0.0,0.0,0.0,0.0,0.0,0.0,0.0,0.0,0.0,0.0,0.0,0.0,0.0,0.0,0.0,0.0,0.0,0.0,0.0,0.0,0.0,0.0,0.0,0.0,0.046508093813166236,-0.08371929281916558,1.0711231751479187
35,0.22822270824798585,0.016004337521056525,1.1003813360601002,-0.1357774993818408,-0.0015084943173858652,1.109230509167931,0.3180782362610116,0.2059556330884835,1.0117761155346867,-0.26856626485005164,0.20660943086175884,1.0750604641200954,0.0,0.0,0.0,0.0,0.0,0.0,0.0,0.0,0.0,0.0,0.0,0.0,0.0,0.0,0.0,0.0,0.0,0.0,0.0,0.0,0.0,0.0,0.0,0.0,0.0,0.0,0.0,0.045285846623512316,-0.08476267548633651,1.0761642158641092
36,0.22986034349128354,0.011464410498444991,1.102072697987206,-0.1350423394108777,-0.0037633155930029824,1.1094747207479967,0.3217121448628981,0.2011365771408647,1.014667190537905,-0.2595348909323174,0.20203188453518972,1.07850043223431,0.0,0.0,0.0,0.0,0.0,0.0,0.0,0.0,0.0,0.0,0.0,0.0,0.0,0.0,0.0,0.0,0.0,0.0,0.0,0.0,0.0,0.0,0.0,0.0,0.0,0.0,0.0,0.04555975867639158,-0.08834011488333725,1.0769936946450716
37,0.23152484642698123,0.00920672124471804,1.1032213687376702,-0.13595891682735384,-0.005466758610198167,1.115213020920254,0.0,0.0,0.0,-0.2600519720455633,0.20067450754875674,1.0847023278631223,0.0,0.0,0.0,0.0,0.0,0.0,0.0,0.0,0.0,0.0,0.0,0.0,0.0,0.0,0.0,0.0,0.0,0.0,0.0,0.0,0.0,0.0,0.0,0.0,0.0,0.0,0.0,0.044321416883633696,-0.08899750634873636,1.0843340288855385
38,0.24717245084259262,0.020989271018203248,0.9922072670915552,-0.13503935442467785,-0.0021029076982201646,1.1212748937322607,0.3269283658894612,0.1762946185668014,0.9936429350624045,-0.2607224107116531,0.2001822474966196,1.1005002258067298,0.0,0.0,0.0,0.0,0.0,0.0,0.0,0.0,0.0,0.0,0.0,0.0,0.0,0.0,0.0,0.0,0.0,0.0,0.0,0.0,0.0,0.0,0.0,0.0,0.01177103878562556,-0.34210558731720003,0.9504875429898211,0.07320217902424885,-0.07462732858982198,1.0016249473260912
39,0.2504546995534918,0.02068746949247288,0.9988836453939415,-0.13967663945562517,-0.007196317683344924,1.1421384240196994,0.3157775762768352,0.16987425927331948,0.9762419359722939,-0.2622082299964408,0.19944945214505275,1.1163325625589657,0.37042657914764604,0.16255527676142248,0.7421754366578132,0.0,0.0,0.0,0.0,0.0,0.0,0.0,0.0,0.0,0.0,0.0,0.0,0.0,0.0,0.0,0.0,0.0,0.0,0.0,0.0,0.0,0.013025705876078505,-0.3406175464346724,0.9577092256558534,0.05994098615808353,-0.08274550575572673,1.0638827453746404
40,0.24593770796439682,0.01577919469719301,1.012177111682423,-0.14204893573022612,-0.008320711630949496,1.1466203264160153,0.0,0.0,0.0,-0.2629061038172363,0.19854544510760797,1.117644199905474,0.3791646490751904,0.16742051242356923,0.7200620392714605,-0.3135828622139912,0.26156492679311244,0.8453543226060234,0.0,0.0,0.0,0.0,0.0,0.0,0.0,0.0,0.0,0.0,0.0,0.0,0.0,0.0,0.0,0.0,0.0,0.0,0.031039766802089506,-0.3422040786460425,0.9712975156459325,0.0604656321728534,-0.07934739372951953,1.0491462152238356
41,0.0,0.0,0.0,-0.1374964886608223,0.0013573457303379516,1.1489373025271774,0.376888982098575,0.17178885694104373,0.9095352348080589,-0.2677824358151571,0.19806541726596313,1.1279489924345745,0.0,0.0,0.0,-0.32315598164462256,0.252125794603853,0.8659085426992658,0.0,0.0,0.0,0.0,0.0,0.0,0.0,0.0,0.0,0.0,0.0,0.0,0.0,0.0,0.0,0.0,0.0,0.0,0.03942688362136079,-0.3407453919291383,0.9868772498194258,0.06560000046312232,-0.07762286927826215,1.037473871973743
42,0.21962347783730243,-0.004232548492189372,1.1103410926262587,-0.13746121268723224,0.003953542688974284,1.1547426488736579,0.0,0.0,0.0,-0.26602015233689286,0.19806241600929456,1.1223038969681765,0.0,0.0,0.0,-0.33210278376653196,0.24301570828979857,0.884658455286773,0.0,0.0,0.0,0.0,0.0,0.0,0.0,0.0,0.0,0.0,0.0,0.0,0.0,0.0,0.0,0.0,0.0,0.0,0.0,0.0,0.0,0.0434479669595916,-0.0908053953494397,1.1339872102588453
43,0.21706669594149938,-0.0052475453579911594,1.108687842570076,-0.14262193918059632,-0.0015528673519893635,1.1690931297332152,0.0,0.0,0.0,-0.268961794527865,0.19870985916917425,1.1112797779148733,0.398473525251699,0.07155017998942394,0.6882395023996518,-0.33177251723557516,0.25138102716132665,0.8649209887147227,0.0,0.0,0.0,0.0,0.0,0.0,0.0,0.0,0.0,0.0,0.0,0.0,0.0,0.0,0.0,0.0,0.0,0.0,0.0,0.0,0.0,0.03934116964103713,-0.0928302676544747,1.136109223869432
44,0.20981621560884342,-0.007686966083245406,1.103084199602086,-0.14325056949334844,-0.0010188888245296305,1.1694305320428995,0.37430567823484784,0.12558514103173576,0.8946269465330918,-0.26898724137002067,0.19597731480155897,1.1107625351567785,0.4009667488754937,0.0803723307267663,0.6565467710291992,-0.3417375723053398,0.24185660639571632,0.8649172481251891,0.0,0.0,0.0,0.0,0.0,0.0,0.0,0.0,0.0,0.0,0.0,0.0,0.0,0.0,0.0,0.0,0.0,0.0,0.0,0.0,0.0,0.04350054010978832,-0.08554123923347705,1.1001172422495953
45,0.21668223227091887,-0.019418411465592443,1.0988846629832907,-0.14435857479643918,-0.0034070557935629263,1.1775566385479868,0.29340929711737657,0.05505784136415687,0.9090204002825798,-0.28224497827128275,0.1892589056917623,1.1114360929447706,0.6068489426416745,0.11077225167235667,0.6802385015235564,0.0,0.0,0.0,0.0,0.0,0.0,0.0,0.0,0.0,0.0,0.0,0.0,0.0,0.0,0.0,0.0,0.0,0.0,0.0,0.0,0.0,0.024714142588257566,-0.34684168901755147,1.012771553032444,0.04296594021986586,-0.09334952417318655,1.115428631880006
46,0.21519976292635934,-0.020808990280277096,1.101426262917851,-0.14621292385883694,-0.004269433434467896,1.1807338662248104,0.3616101208616564,0.08128802670714742,0.8983222868049162,-0.2873599701604425,0.18424939327428325,1.1114538536951268,0.7504680769742321,0.11668863886160553,0.6878515413359427,0.0,0.0,0.0,0.0,0.0,0.0,0.0,0.0,0.0,0.0,0.0,0.0,0.0,0.0,0.0,0.0,0.0,0.0,0.0,0.0,0.0,0.018671292175945684,-0.3458406811386106,1.0124093879200613,0.04269187268011767,-0.09310403642076116,1.1125444053237912
47,0.20178153731631165,-0.011542081843574102,1.0814916971326232,-0.1395161322369591,-0.00880709285897423,1.1767727698293275,0.3867202092045914,0.06409698118257086,0.9086626592722082,-0.28826403865075095,0.17451109089769212,1.0861754065773372,0.8864629669599444,0.0951542905954342,0.7093704145582554,-0.41719361676657846,0.14162797963185123,0.8597755691762767,0.0,0.0,0.0,0.0,0.0,0.0,0.0,0.0,0.0,0.0,0.0,0.0,0.0,0.0,0.0,0.0,0.0,0.0,0.026244329565174574,-0.35142269402388093,1.0285535821416703,0.04751470137903871,-0.09377263514219336,1.1120042851678893
48,0.214531033848782,-0.02318775100226376,1.108274496627011,-0.1422403792626306,-0.009689031632164917,1.177354709959059,0.41437877032357395,0.0694786216402321,0.9111297702179458,-0.2736370235128112,0.16864237339180077,1.0698189315907796,0.9486515491122189,0.09607109325587142,0.7139967960647825,-0.40965342822825607,0.14283988556856175,0.8545057005078626,0.0,0.0,0.0,0.0,0.0,0.0,0.0,0.0,0.0,0.0,0.0,0.0,0.0,0.0,0.0,0.0,0.0,0.0,0.029498446662388437,-0.3536857881111646,1.0325299308964673,0.048203147251498955,-0.09281324698819433,1.1060186595161194
49,0.21278356707348264,-0.026778171842883627,1.111349249659337,-0.13424766235644844,-0.010549736844163847,1.1649458081927608,0.4063739429875154,0.06054784742767305,0.9095468444654843,-0.2883027449704996,0.1683534921214326,1.0739559943456167,0.5832149528992638,0.029824701321348856,0.7190005067013231,-0.423212274315186,0.12749264656999595,0.8443475544254373,0.0,0.0,0.0,0.0,0.0,0.0,0.0,0.0,0.0,0.0,0.0,0.0,0.0,0.0,0.0,0.0,0.0,0.0,0.016990684730046193,-0.3508681500484019,1.0315216233619449,0.047951934998489536,-0.09271415181468151,1.108162596791056
50,0.20969376944525545,-0.02211570177667348,1.1026139865383997,-0.13101933901517507,-0.012719420787271745,1.1606317166923612,0.40441094870643834,0.05525877498011246,0.9076437915273354,-0.3069776786999818,0.1427456813537432,1.0468741000417354,0.5464837870784537,0.02280347095034781,0.7138206264579366,-0.4553148156537348,0.11235744208394778,0.8356087342655699,0.0,0.0,0.0,0.0,0.0,0.0,0.0,0.0,0.0,0.0,0.0,0.0,0.0,0.0,0.0,0.0,0.0,0.0,-0.0034056822477750853,-0.3435148063886042,1.0219027440305426,0.04601326343414871,-0.09107132762767885,1.1039276005288967
51,0.19611244794965932,-0.011855060970794811,1.0781796442355411,-0.13249199128725075,-0.012595346133523805,1.1612337803196062,0.43026020245499996,0.058436686399183715,0.9106506341953838,-0.30715460480960616,0.1412901052747136,1.0455156865288844,0.5347915070184192,0.021265830470770745,0.7166136160129594,-0.42848080638797553,0.10733365617278337,0.8308490259093713,0.0,0.0,0.0,0.0,0.0,0.0,0.0,0.0,0.0,0.0,0.0,0.0,0.0,0.0,0.0,0.0,0.0,0.0,-0.0033985864497822166,-0.34257473489109086,1.0234961829294935,0.04601326343414871,-0.09107132762767885,1.1039276005288967
52,0.19698930115367858,-0.013522423287930423,1.0777580877271653,-0.13805585192126937,-0.013941873943089102,1.1622869862966168,0.409944237179758,0.0457960188266498,0.9133450678351206,-0.3274170772017501,0.11734968509402266,1.0471673366307084,0.548033294502961,0.029204854364324444,0.7121577311832922,-0.47614841401053837,0.10231737170456327,0.8183776339473989,0.0,0.0,0.0,0.0,0.0,0.0,0.0,0.0,0.0,0.0,0.0,0.0,0.0,0.0,0.0,0.0,0.0,0.0,-0.00024377800094743025,-0.3450880438113489,1.0261459951285603,0.046389631017577836,-0.09147100461754366,1.1053126569973466
53,0.2085029173591166,-0.022952449973205103,1.1007285642727094,-0.13397781427683847,-0.0009893030656379863,1.1286479820559678,0.4327660869433916,0.050170353341795385,0.9169768744532925,-0.2886871129021005,0.12300653052503248,1.0054600039213797,0.5547225824505109,0.02976103036784944,0.7109491014110985,-0.4764746234572234,0.10440127798355008,0.8124272768464237,0.0,0.0,0.0,0.0,0.0,0.0,0.0,0.0,0.0,0.0,0.0,0.0,0.0,0.0,0.0,0.0,0.0,0.0,8.58487539012829e-05,-0.3441522269188855,1.0259586031392445,0.04657888060623405,-0.09155773101208842,1.1058221622504274
54,0.2106770955291739,-0.0221004976613678,1.1015660955704643,-0.13486758431622684,-0.0018927085121881442,1.1286909732269184,0.4088960489650126,0.041832973926903584,0.9148640439009615,-0.29412074526863563,0.09301680252663583,0.9863652039092407,0.5764080219341664,0.030551763599122067,0.7145449269970422,-0.49540836915296227,0.07176874165559552,0.8032984356135016,0.0,0.0,0.0,0.0,0.0,0.0,0.0,0.0,0.0,0.0,0.0,0.0,0.0,0.0,0.0,0.0,0.0,0.0,0.005599670033834984,-0.34525137462034955,1.0286817121086853,0.04573648398482147,-0.09055819910726841,1.105194555657965
55,0.21263516901352555,-0.021735218286424173,1.1014423148451487,-0.13106859254924133,-0.002251079044859597,1.1220284803687373,0.39332631902682463,0.03177443133843207,0.9228918385069744,0.0,0.0,0.0,0.5707876564974955,0.039633179000481106,0.7061805861418188,-0.5018850694526642,0.0698784431307972,0.7977974650714429,0.0,0.0,0.0,0.0,0.0,0.0,0.0,0.0,0.0,0.0,0.0,0.0,0.0,0.0,0.0,0.0,0.0,0.0,0.012217225500853026,-0.3460371638013069,1.0308382116896742,0.0452357428305201,-0.09054775310423753,1.1074585240533499
56,0.21193355013867451,-0.0253610152347087,1.1002896248797862,-0.12899780215414325,-0.001292935743552252,1.1182992977565458,0.3413622475015425,0.010726247027647158,0.91923418597938,0.0,0.0,0.0,0.5704401766190705,0.04103336086343757,0.7037967382698431,-0.5024005531495489,0.08763142821743285,0.7947197832609314,0.0,0.0,0.0,0.0,0.0,0.0,0.0,0.0,0.0,0.0,0.0,0.0,0.0,0.0,0.0,0.0,0.0,0.0,0.010135557516191327,-0.3447679351324113,1.0269753674350934,0.04644939934744269,-0.08986141188341566,1.105048791062796
57,0.21438791240108565,-0.027772228466839785,1.0980172803380943,-0.12553347042711266,-0.0028851839237287982,1.109897075544677,0.34578547021932377,0.008204211182268934,0.9178470831658693,0.0,0.0,0.0,0.578485016248535,0.04931383278449775,0.7017667782248861,-0.5052007553563531,0.07077592165215332,0.795909868760979,0.0,0.0,0.0,0.0,0.0,0.0,0.0,0.0,0.0,0.0,0.0,0.0,0.0,0.0,0.0,0.0,0.0,0.0,0.009365173705830232,-0.3455835541676256,1.0248092731086471,0.04758621055115946,-0.0885767089749344,1.0965560062798265
58,0.21277279672797378,-0.026465877851970725,1.0948654210505984,-0.1253386948924614,-0.0025070381136402717,1.1060702711305828,0.34225447439171996,0.0059598094322391715,0.9197240063445338,0.0,0.0,0.0,0.5675065248470362,0.04669598618447385,0.7066992342568942,-0.5248021602354829,0.060934175259407045,0.797724242883156,0.0,0.0,0.0,0.0,0.0,0.0,0.0,0.0,0.0,0.0,0.0,0.0,0.0,0.0,0.0,0.0,0.0,0.0,0.012653640091091678,-0.3450816493791644,1.0210938877662485,0.04438079828527793,-0.08862732301487204,1.0977311787373447
59,0.2142894176463143,-0.027614447490595564,1.0954987307784994,-0.11937058064606605,-0.001365098534882827,1.102135014892837,0.3293374360679073,0.0010444156873792726,0.9188004321257307,0.0,0.0,0.0,0.482460794570235,0.05256400993801411,0.6624714468691809,-0.5226826104630765,0.0607046133730978,0.7985439729886565,0.0,0.0,0.0,0.0,0.0,0.0,0.0,0.0,0.0,0.0,0.0,0.0,0.0,0.0,0.0,0.0,0.0,0.0,0.009086554885384047,-0.34337592183274296,1.0164633268347563,0.04492591809322827,-0.08967872882641405,1.095249170969512
60,0.2147913383409882,-0.028745965565633625,1.095706514859379,-0.11558204763961051,-0.001597843218818,1.0965102449908282,0.34027803746970225,0.005223373449344962,0.9180127981468593,0.0,0.0,0.0,0.0,0.0,0.0,-0.5281393824074938,0.05396608931016348,0.7815518877730459,0.0,0.0,0.0,0.0,0.0,0.0,0.0,0.0,0.0,0.0,0.0,0.0,0.0,0.0,0.0,0.0,0.0,0.0,0.012682408001732606,-0.34305336799113956,1.0132491664494683,0.04625288864536258,-0.08935216964120098,1.0864101473370746
61,0.21135462055882384,-0.0245119756604817,1.0905541805158299,-0.13846656031379642,-0.01149858397481523,1.1348811049327925,0.33676825116244846,0.0061579415296715715,0.9221900117967815,0.0,0.0,0.0,0.0,0.0,0.0,-0.512282644870241,0.056165607978715316,0.7722768100749338,0.0,0.0,0.0,0.0,0.0,0.0,0.0,0.0,0.0,0.0,0.0,0.0,0.0,0.0,0.0,0.0,0.0,0.0,0.0003788862191584456,-0.34365968089532856,1.0081960207602718,0.04682243502834501,-0.0896942407883586,1.095224932549522
62,0.20975859470682648,-0.023184616761723332,1.0873962543655422,-0.09968242134449602,0.005465139368886658,1.0736093104630096,0.3342307960287001,0.010817385232796996,0.9159943716638352,0.0,0.0,0.0,0.0,0.0,0.0,-0.5186012619026693,0.040245045760965575,0.7522209639017264,0.0,0.0,0.0,0.0,0.0,0.0,0.0,0.0,0.0,0.0,0.0,0.0,0.0,0.0,0.0,0.0,0.0,0.0,0.00976125334324155,-0.3469493149720791,1.0087157169110308,0.04571358325733829,-0.0893700321302978,1.0852818023974626
63,0.23095303296427475,0.003060474648486232,0.9550019252460622,-0.10873179174764513,-0.005699437685837516,1.0996987540105714,0.0,0.0,0.0,0.0,0.0,0.0,0.0,0.0,0.0,0.0,0.0,0.0,0.0,0.0,0.0,0.0,0.0,0.0,0.0,0.0,0.0,0.0,0.0,0.0,0.0,0.0,0.0,0.0,0.0,0.0,0.029030234063784573,-0.3372115483898376,0.9922607647421391,0.0570281945280727,-0.07253120941238794,0.9997737748530685
64,0.23076311608311537,0.003677117745022084,0.9494522731180002,-0.10873179174764513,-0.005699437685837516,1.0996987540105714,0.0,0.0,0.0,0.0,0.0,0.0,0.0,0.0,0.0,0.0,0.0,0.0,0.0,0.0,0.0,0.0,0.0,0.0,0.0,0.0,0.0,0.0,0.0,0.0,0.0,0.0,0.0,0.0,0.0,0.0,0.02830270152027624,-0.33546454165503703,0.9884012154966219,0.05819111607916743,-0.07146559561221506,0.9950974781294804
65,0.1734707563499417,0.03653478881042269,0.844602989007472,0.0,0.0,0.0,0.0,0.0,0.0,0.0,0.0,0.0,0.0,0.0,0.0,-0.29328812059351955,0.07934454101384017,0.6414737416891522,0.0,0.0,0.0,0.0,0.0,0.0,0.0,0.0,0.0,0.0,0.0,0.0,0.0,0.0,0.0,0.0,0.0,0.0,0.025315622705871177,-0.3430901053497087,0.9830715267056737,0.055459191320477684,-0.09254237929587016,1.0129722978803708
66,0.1967670031538938,-0.015256532353581037,1.0517406759878691,0.0,0.0,0.0,0.0,0.0,0.0,0.0,0.0,0.0,0.0,0.0,0.0,0.0,0.0,0.0,0.0,0.0,0.0,0.0,0.0,0.0,0.0,0.0,0.0,0.0,0.0,0.0,0.0,0.0,0.0,0.0,0.0,0.0,0.018035945058385686,-0.3383138130304899,0.9725744097249596,0.06819788295723918,-0.09855956747348961,0.9984623595003477
67,0.0,0.0,0.0,0.0,0.0,0.0,0.0,0.0,0.0,0.0,0.0,0.0,0.0,0.0,0.0,0.0,0.0,0.0,0.0,0.0,0.0,0.0,0.0,0.0,0.0,0.0,0.0,0.0,0.0,0.0,0.0,0.0,0.0,0.0,0.0,0.0,0.012581160430609098,-0.33600770735271923,0.9636484775773061,0.07199777731532898,-0.09719690374562769,1.0003618486557018
68,0.24973630440874595,0.05220360567986827,0.6285434595703903,0.0,0.0,0.0,0.0,0.0,0.0,0.0,0.0,0.0,0.0,0.0,0.0,0.0,0.0,0.0,0.0,0.0,0.0,0.0,0.0,0.0,0.0,0.0,0.0,0.0,0.0,0.0,0.0,0.0,0.0,0.0,0.0,0.0,0.030643039742327776,-0.3408747900469104,0.9711031509943292,0.057081282602068566,-0.13148505180585526,1.1105619415918513
69,0.2470632999665955,0.04266014599839921,0.6764653122824694,0.0,0.0,0.0,0.0,0.0,0.0,-0.1379105512637249,0.08372955986067365,0.855915569924555,0.0,0.0,0.0,-0.1561908163973053,0.1139137676682834,0.5937009254977235,0.0,0.0,0.0,0.0,0.0,0.0,0.0,0.0,0.0,0.0,0.0,0.0,0.0,0.0,0.0,0.0,0.0,0.0,0.018048357044526148,-0.34042102438614735,0.9622841978888892,0.08004119636174589,-0.07326589860455673,0.9266265356332534
70,0.24633355358291878,0.0424101469299891,0.6757097672373389,0.0,0.0,0.0,0.0,0.0,0.0,0.0,0.0,0.0,0.0,0.0,0.0,0.0,0.0,0.0,0.0,0.0,0.0,0.0,0.0,0.0,0.0,0.0,0.0,0.0,0.0,0.0,0.0,0.0,0.0,0.0,0.0,0.0,0.03319671000283413,-0.34404222341126256,0.9593640814814819,0.06107325614565919,-0.09339132488285667,1.0087291818364115
71,0.2509700308310855,0.030670287453270165,0.7542989409514193,0.0,0.0,0.0,0.0,0.0,0.0,0.0,0.0,0.0,0.0,0.0,0.0,0.0,0.0,0.0,0.0,0.0,0.0,0.0,0.0,0.0,0.0,0.0,0.0,0.0,0.0,0.0,0.0,0.0,0.0,0.0,0.0,0.0,0.02896261831147608,-0.3462399379471535,0.9541004633900845,0.06202214800498502,-0.09255053246699733,1.006166256409251
72,0.19419227250247056,-0.02289151078612981,1.0306359441704485,0.0,0.0,0.0,0.0,0.0,0.0,0.0,0.0,0.0,0.0,0.0,0.0,0.0,0.0,0.0,0.0,0.0,0.0,0.0,0.0,0.0,0.0,0.0,0.0,0.0,0.0,0.0,0.0,0.0,0.0,0.0,0.0,0.0,0.0,0.0,0.0,0.03328145666214255,-0.09344896539130415,1.065617754673336
73,0.20372773983521245,-0.027546618189102975,0.9881895871634993,0.0,0.0,0.0,0.0,0.0,0.0,0.0,0.0,0.0,0.0,0.0,0.0,-0.0007605336685344562,0.1686146257607954,0.56734743964898,0.0,0.0,0.0,0.0,0.0,0.0,0.0,0.0,0.0,0.0,0.0,0.0,0.0,0.0,0.0,0.0,0.0,0.0,0.07844082887491541,-0.3542972801765422,0.9672197541678925,0.055434966062338074,-0.09493357939428099,1.0007524025015724
74,0.20469971586035485,-0.025647362175093474,0.9839145917210784,0.0,0.0,0.0,0.0,0.0,0.0,0.0,0.0,0.0,0.0,0.0,0.0,0.001983672298873138,0.16928552320722529,0.5655189633236304,0.0,0.0,0.0,0.0,0.0,0.0,0.0,0.0,0.0,0.0,0.0,0.0,0.0,0.0,0.0,0.0,0.0,0.0,0.07396765423611881,-0.35176259543033767,0.9605376486837338,0.055412590453613485,-0.0928195437711335,0.9964895305628172
75,0.1788958703519686,-0.03809188241147234,1.004131028172627,0.0,0.0,0.0,0.0,0.0,0.0,0.0,0.0,0.0,0.4729113741813593,0.1853743183789447,0.5927716270208458,0.0008581689553569586,0.16742238831887127,0.5667534153219314,0.0,0.0,0.0,0.0,0.0,0.0,0.0,0.0,0.0,0.0,0.0,0.0,0.0,0.0,0.0,0.0,0.0,0.0,0.0,0.0,0.0,0.04115373978586679,-0.10945248447573735,1.0395870966509977
76,0.17705148080152036,-0.03425840091064553,0.9969982414759304,0.0,0.0,0.0,0.0,0.0,0.0,0.0,0.0,0.0,0.3873273602951914,0.17231306045882577,0.5988441694018283,0.002598387095440866,0.16901991618179113,0.567012746314178,0.0,0.0,0.0,0.0,0.0,0.0,0.0,0.0,0.0,0.0,0.0,0.0,0.0,0.0,0.0,0.0,0.0,0.0,0.0,0.0,0.0,0.04356044362285505,-0.10513927000622682,1.0337035163144357
77,0.19006880814352253,-0.019680198639808737,0.9899515506277555,0.0,0.0,0.0,0.0,0.0,0.0,0.0,0.0,0.0,0.0,0.0,0.0,0.005730609150749936,0.17465143493113916,0.572090350426476,0.0,0.0,0.0,0.0,0.0,0.0,0.0,0.0,0.0,0.0,0.0,0.0,0.0,0.0,0.0,0.0,0.0,0.0,0.0,0.0,0.0,0.04040712552010447,-0.09153387876533484,1.0215858782409724
78,0.19322693252877168,-0.014505127961321739,0.9825284372759397,0.0,0.0,0.0,0.0,0.0,0.0,0.0,0.0,0.0,0.0,0.0,0.0,-0.005770166292909741,0.17610195346223775,0.5632893806493756,0.0,0.0,0.0,0.0,0.0,0.0,0.0,0.0,0.0,0.0,0.0,0.0,0.0,0.0,0.0,0.0,0.0,0.0,0.0,0.0,0.0,0.03999586927433376,-0.09105471409340027,1.0154314401199416
79,0.2317421884972711,0.0043943539915271826,0.9140384868888559,0.0,0.0,0.0,0.0,0.0,0.0,0.0,0.0,0.0,0.0,0.0,0.0,-0.003960985606302855,0.17893655407165784,0.5641955827027849,0.0,0.0,0.0,0.0,0.0,0.0,0.0,0.0,0.0,0.0,0.0,0.0,0.0,0.0,0.0,0.0,0.0,0.0,0.022836152392073625,-0.3503529077047989,0.9026238745742691,0.06417933250920323,-0.07785854586080537,0.9488558478242455
80,0.2126671408093104,-0.005901633691066965,0.9415775849060406,-0.10636368706020076,-0.028124418098283886,1.045758039794727,0.0,0.0,0.0,0.0,0.0,0.0,0.0,0.0,0.0,0.0028609799948222806,0.19126135577112113,0.5682939766526703,0.0,0.0,0.0,0.0,0.0,0.0,0.0,0.0,0.0,0.0,0.0,0.0,0.0,0.0,0.0,0.0,0.0,0.0,0.046572803374772494,-0.3484425939890642,0.9024954396325602,0.052187203303392014,-0.08970599049983159,0.9682716111697713
81,0.21360334962663094,-0.005118058349268067,0.9398998707484431,-0.10636368706020076,-0.028124418098283886,1.045758039794727,0.0,0.0,0.0,0.0,0.0,0.0,0.0,0.0,0.0,-0.015663872788256903,0.18702440754375088,0.5803621755500102,0.0,0.0,0.0,0.0,0.0,0.0,0.0,0.0,0.0,0.0,0.0,0.0,0.0,0.0,0.0,0.0,0.0,0.0,0.007870249945392212,-0.34907111738041074,0.8852573375824224,0.052604283585748764,-0.08836351351159637,0.9657489743138467
82,0.21893826591876672,-0.002500000088043531,0.9368340313163136,-0.10481689952659566,-0.037006728890502966,1.0467215043754101,0.0,0.0,0.0,0.0,0.0,0.0,0.0,0.0,0.0,0.0,0.0,0.0,0.0,0.0,0.0,0.0,0.0,0.0,0.0,0.0,0.0,0.0,0.0,0.0,0.0,0.0,0.0,0.0,0.0,0.0,0.0407018366153675,-0.3441571996158317,0.8843541431031564,0.053776327790977276,-0.08774675630158603,0.9573606698530107
83,0.22254526921090537,0.0018756199966546473,0.93048954714831,-0.10661262549541384,-0.03537551133424357,1.041744197480213,0.0,0.0,0.0,-0.18428754763970742,0.12366017860432188,0.8303091177472112,0.0,0.0,0.0,0.0,0.0,0.0,0.0,0.0,0.0,0.0,0.0,0.0,0.0,0.0,0.0,0.0,0.0,0.0,0.0,0.0,0.0,0.0,0.0,0.0,-0.0042251588230135025,-0.34913356931601197,0.8715865667986608,0.05512486688466615,-0.08508863572654175,0.952089091124944
84,0.22244203057035813,0.001299224911953058,0.9314792373357901,-0.10081267055639136,-0.030711844985742805,1.041896203120557,0.0,0.0,0.0,-0.18428754763970742,0.12366017860432188,0.8303091177472112,0.0,0.0,0.0,-0.08548039491634839,0.17783361246892843,0.5801746781142619,0.0,0.0,0.0,0.0,0.0,0.0,0.0,0.0,0.0,0.0,0.0,0.0,0.0,0.0,0.0,0.0,0.0,0.0,0.04733629431280192,-0.3449826761768617,0.8749430551860609,0.05329274936513358,-0.08641783302770263,0.9507240765783701
85,0.22267203492433396,0.0006942876793627146,0.9528163643964459,0.0,0.0,0.0,0.0,0.0,0.0,-0.1871002855520367,0.15880345824669118,0.8348080428375255,0.0,0.0,0.0,-0.09356252409659752,0.17184327862435358,0.5960777618001911,0.0,0.0,0.0,0.0,0.0,0.0,0.0,0.0,0.0,0.0,0.0,0.0,0.0,0.0,0.0,0.0,0.0,0.0,0.04478044098613263,-0.34041689301524086,0.861363932739622,0.05392144215539188,-0.08351853921146041,0.9427927032041201
86,0.23264970956474063,0.004624183172695846,0.9706984080549289,0.0,0.0,0.0,0.0,0.0,0.0,0.0,0.0,0.0,0.0,0.0,0.0,0.0,0.0,0.0,0.0,0.0,0.0,0.0,0.0,0.0,0.0,0.0,0.0,0.0,0.0,0.0,0.0,0.0,0.0,0.0,0.0,0.0,0.0,0.0,0.0,0.10278166259236268,-0.03618218106099798,0.7737827427041354
87,0.24404701400266063,0.017186009540015847,0.9332954289633003,-0.13216261050448716,-0.007962058696493928,0.9954087521470043,0.0,0.0,0.0,0.0,0.0,0.0,0.0,0.0,0.0,0.0,0.0,0.0,0.0,0.0,0.0,0.0,0.0,0.0,0.0,0.0,0.0,0.0,0.0,0.0,0.0,0.0,0.0,0.0,0.0,0.0,0.0,0.0,0.0,0.06610892988551788,-0.06639931903633696,0.8793495414733664
88,0.23837491144639264,0.017643807826992552,0.9311400710921427,-0.12514506822895724,-0.017854621390348595,1.0091322722835196,0.0,0.0,0.0,0.0,0.0,0.0,0.0,0.0,0.0,-0.10955972100914467,0.16304962285155034,0.6384602588765161,0.0,0.0,0.0,0.0,0.0,0.0,0.0,0.0,0.0,0.0,0.0,0.0,0.0,0.0,0.0,0.0,0.0,0.0,0.0,0.0,0.0,0.06546685236411115,-0.06671428106016104,0.8792523960373968
89,0.0,0.0,0.0,0.0,0.0,0.0,0.0,0.0,0.0,0.0,0.0,0.0,0.0,0.0,0.0,0.0,0.0,0.0,0.0,0.0,0.0,0.0,0.0,0.0,0.0,0.0,0.0,0.0,0.0,0.0,0.0,0.0,0.0,0.0,0.0,0.0,0.0,0.0,0.0,0.10574390864254274,-0.032587012130484046,0.7597124426828575
90,0.23678460205442664,0.023875415662549027,0.9112246843554165,0.0,0.0,0.0,0.0,0.0,0.0,-0.2357446003373866,0.19647269490699487,0.9413111926898786,0.0,0.0,0.0,-0.1392754397125122,0.16946520446923474,0.6864455270768248,0.0,0.0,0.0,0.0,0.0,0.0,0.0,0.0,0.0,0.0,0.0,0.0,0.0,0.0,0.0,0.0,0.0,0.0,0.07795280459801318,-0.3295299817765825,0.842303235593567,0.07206910186416521,-0.0658810105217634,0.8936240106750052
91,0.23202205849389776,0.02218668811376125,0.9062353751313766,-0.11990925505537849,-0.0036561631751514884,1.0074119434437199,0.0,0.0,0.0,-0.3119052749259946,0.19480373913923488,1.0269445138011744,0.0,0.0,0.0,0.0,0.0,0.0,0.0,0.0,0.0,0.0,0.0,0.0,0.0,0.0,0.0,0.0,0.0,0.0,0.0,0.0,0.0,0.0,0.0,0.0,0.0,0.0,0.0,0.07423696323452501,-0.05901535236347948,0.8610435522501168
92,0.2307977020036941,0.018138845975167434,0.9375487527548382,-0.11811669549498394,0.0008720438086769663,0.9984274218647399,0.2673495869813111,0.25034484616270214,0.9072805128402467,-0.2864232016433845,0.2102679516764994,1.0070515238092475,0.7919713136816405,0.37951162181337134,0.7140068828802582,-0.17494399374533567,0.17942530450779173,0.7249984549793337,0.0,0.0,0.0,0.0,0.0,0.0,0.0,0.0,0.0,0.0,0.0,0.0,0.0,0.0,0.0,0.0,0.0,0.0,0.07911627809385643,-0.32808524296301994,0.8375280280837542,0.05978221062616649,-0.07510511687632405,0.9154776808684669
93,0.0,0.0,0.0,0.0,0.0,0.0,0.0,0.0,0.0,0.0,0.0,0.0,0.0,0.0,0.0,0.0,0.0,0.0,0.0,0.0,0.0,0.0,0.0,0.0,0.0,0.0,0.0,0.0,0.0,0.0,0.0,0.0,0.0,0.0,0.0,0.0,0.0,0.0,0.0,0.050102726280430346,-0.07371047178123324,0.9562016101515028
94,0.0,0.0,0.0,0.0,0.0,0.0,0.0,0.0,0.0,0.0,0.0,0.0,0.0,0.0,0.0,0.0,0.0,0.0,0.0,0.0,0.0,0.0,0.0,0.0,0.0,0.0,0.0,0.0,0.0,0.0,0.0,0.0,0.0,0.0,0.0,0.0,0.0,0.0,0.0,0.050005364149639506,-0.07390392359727645,0.9576974651597512
95,0.21687728669716563,0.01394785790753522,0.948304885012312,-0.12338810566421173,-0.002561200056482251,1.0120973376393818,0.0,0.0,0.0,-0.2638433880600626,0.22650937027025833,1.08239671448087,0.0,0.0,0.0,0.0,0.0,0.0,0.0,0.0,0.0,0.0,0.0,0.0,0.0,0.0,0.0,0.0,0.0,0.0,0.0,0.0,0.0,0.0,0.0,0.0,0.0,0.0,0.0,0.046809945537726466,-0.08341119517497068,0.9528314944754092
96,0.21687728669716563,0.01394785790753522,0.948304885012312,-0.12383438736750028,-0.0027108840056836933,1.0124746845941097,0.0,0.0,0.0,-0.2428892409521506,0.21670920022151596,1.1083936381159238,0.0,0.0,0.0,-0.28527553668018,0.19224799982782861,0.8622591270121254,0.0,0.0,0.0,0.0,0.0,0.0,0.0,0.0,0.0,0.0,0.0,0.0,0.0,0.0,0.0,0.0,0.0,0.0,0.04727032022689781,-0.33233157997722773,0.8354856814488816,0.06723283101515508,-0.07232055937757823,0.9106881927557517
97,0.0,0.0,0.0,-0.11810730561301323,-0.00013995840813746242,1.0045500242885195,0.0,0.0,0.0,-0.25076859768040716,0.20693202957966708,1.1114410004087496,0.0,0.0,0.0,-0.2788550702010378,0.1923134351941591,0.8717949963684285,0.0,0.0,0.0,0.0,0.0,0.0,0.0,0.0,0.0,0.0,0.0,0.0,0.0,0.0,0.0,0.0,0.0,0.0,0.04727032022689781,-0.33233157997722773,0.8354856814488816,0.06793960831287003,-0.07199729913808563,0.9130126535824373
98,0.0,0.0,0.0,0.0,0.0,0.0,0.0,0.0,0.0,-0.23697787929993486,0.20802583301824193,1.1199644083924596,0.0,0.0,0.0,-0.29837496869302854,0.1929541684890314,0.8736184554805407,0.0,0.0,0.0,0.0,0.0,0.0,0.0,0.0,0.0,0.0,0.0,0.0,0.0,0.0,0.0,0.0,0.0,0.0,0.0,0.0,0.0,0.05350516404151281,-0.08336835045823053,0.9544310764038118
99,0.0,0.0,0.0,-0.10960276190673644,-0.005558612256063855,1.0219243468181916,0.0,0.0,0.0,-0.22265214887997004,0.19536440549923278,1.1264509731468266,0.0,0.0,0.0,0.0,0.0,0.0,0.0,0.0,0.0,0.0,0.0,0.0,0.0,0.0,0.0,0.0,0.0,0.0,0.0,0.0,0.0,0.0,0.0,0.0,0.0,0.0,0.0,0.06953852311390127,-0.07065876357281632,0.9656260747361782
100,0.19940123814701743,-0.04140746774249006,1.0222763755808786,-0.1055697356655975,-0.00907021066866035,1.0234750610216377,0.2989809433418397,0.1951779158907003,1.0827264869218192,-0.22454473411359,0.19156203203717484,1.1353881745993417,0.3321177783655551,0.2817986061765961,0.9455009497254673,-0.25701860114662206,0.20885928887279756,0.903425158531674,0.0,0.0,0.0,0.0,0.0,0.0,0.0,0.0,0.0,0.0,0.0,0.0,0.0,0.0,0.0,0.0,0.0,0.0,0.0,0.0,0.0,0.06284112166741777,-0.08197935580931148,0.9599693478656616
101,0.1959886613599199,-0.04525313922345677,1.0255726124429123,-0.10073552362815656,-0.01030409098745584,1.0284069933397157,0.2988862983472588,0.19418621011483528,1.081153537607285,-0.21590404867545723,0.1866637380030323,1.1445413304706091,0.3372827326154522,0.2805994431604369,0.9503468701948359,-0.20916500556023418,0.22221083863038762,0.921247945041391,0.0,0.0,0.0,0.0,0.0,0.0,0.0,0.0,0.0,0.0,0.0,0.0,0.0,0.0,0.0,0.0,0.0,0.0,0.0,0.0,0.0,0.06711667256236858,-0.08418058100475918,0.9644980058499492
102,0.0,0.0,0.0,-0.10178972789288965,-0.009536303366069162,1.0292631305134083,0.0,0.0,0.0,-0.21836810639137028,0.1870867910071583,1.1449375449968837,0.29609205207354433,0.265372651557084,0.9460469845033336,-0.20948419524930223,0.22104907905045568,0.9207804250632934,0.0,0.0,0.0,0.0,0.0,0.0,0.0,0.0,0.0,0.0,0.0,0.0,0.0,0.0,0.0,0.0,0.0,0.0,0.0,0.0,0.0,0.07721345052054461,-0.07202392420226184,0.9717315300444328
103,0.0,0.0,0.0,-0.09124881627389816,-0.012762149596292661,1.0341771910056214,0.0,0.0,0.0,-0.20983310991619908,0.18845142619423166,1.146951137719927,0.3016807379899341,0.2655796459735209,0.94787810241266,-0.18514019633251413,0.22634206140019525,0.9257135420197492,0.0,0.0,0.0,0.0,0.0,0.0,0.0,0.0,0.0,0.0,0.0,0.0,0.0,0.0,0.0,0.0,0.0,0.0,0.0,0.0,0.0,0.08665946243211596,-0.07132535505039571,0.9790331425836228
104,0.0,0.0,0.0,-0.09243091254642317,-0.013671406122678326,1.0348106304359586,0.0,0.0,0.0,-0.20954819657945642,0.18797108123582507,1.1449322767797576,0.30010900690775044,0.2643184468222738,0.9460701084681743,-0.18402167881478818,0.22393255519047667,0.9186022428890188,0.0,0.0,0.0,0.0,0.0,0.0,0.0,0.0,0.0,0.0,0.0,0.0,0.0,0.0,0.0,0.0,0.0,0.0,0.0,0.0,0.0,0.08563550094345686,-0.07190372608860889,0.9803549750484387
105,0.2270007350135413,-0.040262478630661604,1.0477376668017053,-0.08064696294158276,-0.01497741790862169,1.0359576341981855,0.0,0.0,0.0,-0.18847581106527614,0.18408548888573203,1.1455470145747784,0.0,0.0,0.0,-0.16883369625472522,0.2366144029233882,0.9237488428254294,0.0,0.0,0.0,0.0,0.0,0.0,0.0,0.0,0.0,0.0,0.0,0.0,0.0,0.0,0.0,0.0,0.0,0.0,0.1255157093268748,-0.3245701036399262,0.8530622467727309,0.10424939023318701,-0.08874730040209648,0.9875232045214742
106,0.25873090916259406,-0.008483985608278968,1.0386299545855515,-0.07141857303531647,-0.011243037958403613,1.0240633576157698,0.3327486555887548,0.19630564767766598,1.0904240859476797,-0.1933422569341444,0.18480729706653365,1.1387611918871523,0.3104328730784348,0.2621500431637788,0.9522159365029899,-0.16689280211118465,0.23088528774034778,0.9210787325354312,0.0,0.0,0.0,0.0,0.0,0.0,0.0,0.0,0.0,0.0,0.0,0.0,0.0,0.0,0.0,0.0,0.0,0.0,0.14177053336882364,-0.32534119346369383,0.8608685153459211,0.11092044486499468,-0.07559420892511552,0.9600679361595295
107,0.0,0.0,0.0,-0.07322963184367075,-0.009776205720308906,1.0202147659965473,0.0,0.0,0.0,-0.19575696231961592,0.1891377127049141,1.120366411229594,0.3059305385526607,0.25915011950108613,0.9627788049582265,-0.15998145181570558,0.22442993534177647,0.9051707594932199,0.0,0.0,0.0,0.0,0.0,0.0,0.0,0.0,0.0,0.0,0.0,0.0,0.0,0.0,0.0,0.0,0.0,0.0,0.1664375355068773,-0.32582327364394653,0.8738290535839862,0.12970521952052208,-0.06165779996018763,0.9313992441510933
108,0.0,0.0,0.0,-0.06205721671860237,-0.006260821768574647,1.0091251135105752,0.0,0.0,0.0,-0.19330633185983218,0.1890361614321275,1.1178612005377209,0.30350692284882014,0.2570615622811006,0.96460935419568,-0.1521284612120136,0.22297652313681784,0.8959871985296383,0.0,0.0,0.0,0.0,0.0,0.0,0.0,0.0,0.0,0.0,0.0,0.0,0.0,0.0,0.0,0.0,0.0,0.0,0.17310762097983623,-0.3263041318235949,0.8773781066101948,0.13049798440490987,-0.06472596361380215,0.9447958513133249
109,0.26202872895416274,0.012369605447307882,1.009309729654903,-0.06616327464061438,-0.011598388519078932,1.023095798303137,0.0,0.0,0.0,-0.19081851920146062,0.18554802926629907,1.1213265112948403,0.30355744559927866,0.2572172676232889,0.9682229440332228,-0.1595698175710547,0.2238673643003517,0.8976379914677478,0.0,0.0,0.0,0.0,0.0,0.0,0.0,0.0,0.0,0.0,0.0,0.0,0.0,0.0,0.0,0.0,0.0,0.0,0.18498245953482462,-0.32611614106619796,0.8840535396220265,0.12532508842739512,-0.07537860397994726,0.959283407787484
110,0.0,0.0,0.0,-0.043044901469898825,0.0014851968443150133,1.0001075705010214,0.0,0.0,0.0,-0.19392817183299363,0.18347086788916092,1.1212413629349074,0.3067801433073027,0.2535923659791296,0.9707376286047752,-0.16378394012287525,0.2207000394228964,0.927859711194376,0.0,0.0,0.0,0.0,0.0,0.0,0.0,0.0,0.0,0.0,0.0,0.0,0.0,0.0,0.0,0.0,0.0,0.0,0.1870731045845097,-0.32653148024235945,0.8850513574400611,0.14205409506248645,-0.06324904625638188,0.9487792501232523
111,0.0,0.0,0.0,-0.043044901469898825,0.0014851968443150133,1.0001075705010214,0.0,0.0,0.0,-0.19392817183299363,0.18347086788916092,1.1212413629349074,0.3067801433073027,0.2535923659791296,0.9707376286047752,-0.16378394012287525,0.2207000394228964,0.927859711194376,0.0,0.0,0.0,0.0,0.0,0.0,0.0,0.0,0.0,0.0,0.0,0.0,0.0,0.0,0.0,0.0,0.0,0.0,0.19067248216631974,-0.3268839602657745,0.8870695204648594,0.1412997598564779,-0.0639026421120617,0.9508658796648765
112,0.0,0.0,0.0,-0.04900749440562458,-0.0022261742241537113,1.0112953097466908,0.0,0.0,0.0,-0.20916493365973743,0.1751769748276766,1.1341664279690438,0.30922764820818816,0.2515994834983155,0.9741311369714011,-0.13510394554808305,0.21476341917281158,0.8971306195621286,0.0,0.0,0.0,0.0,0.0,0.0,0.0,0.0,0.0,0.0,0.0,0.0,0.0,0.0,0.0,0.0,0.0,0.0,0.1801807608955064,-0.32818994423494613,0.8869244476190261,0.1425391186167391,-0.06552428168668463,0.9543665115122436
113,0.0,0.0,0.0,-0.06141912377294503,-0.009269660328309415,1.0245869311641398,0.0,0.0,0.0,-0.19137380016591235,0.18032267197814864,1.1061657585974232,0.3083826588268797,0.24965385757757105,0.9728074686092454,-0.1296381964883559,0.21373101619523738,0.8872646111822083,0.0,0.0,0.0,0.0,0.0,0.0,0.0,0.0,0.0,0.0,0.0,0.0,0.0,0.0,0.0,0.0,0.0,0.0,0.1801807608955064,-0.32818994423494613,0.8869244476190261,0.14257880428604416,-0.06436265897531389,0.9512537531099946
114,0.0,0.0,0.0,-0.05429731676872899,-0.0036676944088889344,1.0131705294084672,0.0,0.0,0.0,-0.20320205622262824,0.18074506054165937,1.0978032912335234,0.3091898135349367,0.2489595299921777,0.9733373042001129,-0.05710696071244871,0.22813973056741782,0.8730242690334153,0.0,0.0,0.0,0.0,0.0,0.0,0.0,0.0,0.0,0.0,0.0,0.0,0.0,0.0,0.0,0.0,0.0,0.0,0.16901436849676335,-0.3291687269492687,0.8861806699128237,0.14049764876102136,-0.06672666881868933,0.9612913045476631
115,0.29413069717502993,0.013661485182037155,1.0568089144430988,-0.0500798308216999,0.0012758493453779772,1.0018624067382944,0.0,0.0,0.0,-0.2155737336340521,0.18769432885463522,1.0975962016538294,0.31242076649045963,0.24614897095087765,0.9754695015881031,-0.09041879248316737,0.21671835995436936,0.8746988139368551,0.0,0.0,0.0,0.0,0.0,0.0,0.0,0.0,0.0,0.0,0.0,0.0,0.0,0.0,0.0,0.0,0.0,0.0,0.14120046053292298,-0.3322305924222533,0.8822963521272785,0.13359739505728493,-0.07220009410265794,0.9759980317202661
116,0.28324689102800976,-0.0008644104364519412,1.1198216566677517,-0.05865420562457232,-0.0016329509189285949,1.0097624526215707,0.0,0.0,0.0,-0.22489886438497017,0.18765255888292443,1.1006297083339616,0.30911154214442255,0.24625096378380898,0.9707365651588585,-0.0828649139994866,0.21807399905844846,0.8663941503221108,0.0,0.0,0.0,0.0,0.0,0.0,0.0,0.0,0.0,0.0,0.0,0.0,0.0,0.0,0.0,0.0,0.0,0.0,0.15100745505651975,-0.33324968724302967,0.8879961160861849,0.12939290872817008,-0.07274711776178869,0.9717555709722356
117,0.0,0.0,0.0,-0.05566235775425549,0.0022574151604446975,1.0046716812369396,0.0,0.0,0.0,-0.21635216132250515,0.18589853754950844,1.075011800568515,0.3139417430029211,0.24978706832095768,0.9726807045324755,-0.09674737181832346,0.19337727743058067,0.8115361770354655,0.0,0.0,0.0,0.0,0.0,0.0,0.0,0.0,0.0,0.0,0.0,0.0,0.0,0.0,0.0,0.0,0.0,0.0,0.15010695290979506,-0.32954715959505565,0.8884389554564758,0.12443499699630199,-0.07610248514065587,0.9884833349768679
118,0.2526788296449394,-0.009267973517249126,1.096995876096412,-0.05103915644293675,0.01269928784289935,0.9759768072334843,0.0,0.0,0.0,-0.22427572335031246,0.19893930192018006,1.0173617516238638,0.3140269114763037,0.2525200687916796,0.9752642709076165,-0.10597101899399775,0.17164980400692154,0.7917955199331294,0.0,0.0,0.0,0.0,0.0,0.0,0.0,0.0,0.0,0.0,0.0,0.0,0.0,0.0,0.0,0.0,0.0,0.0,0.1109984931081688,-0.3336119762511307,0.8956859013137712,0.09580403758795226,-0.09089495431236215,0.9988371261330746
119,0.25694533226826766,-0.01602161395004499,1.177582912519509,-0.11020744298924612,0.0009290306465560936,1.0288259759432468,0.0,0.0,0.0,-0.22708750458519478,0.18968656480448556,1.0002538000967198,0.31408908042875483,0.2542270352437658,0.9746702100481796,-0.21109828346082157,0.17727652072254035,0.759186874428553,0.0,0.0,0.0,0.0,0.0,0.0,0.0,0.0,0.0,0.0,0.0,0.0,0.0,0.0,0.0,0.0,0.0,0.0,0.09954132218867849,-0.33561674007163633,0.8985462406676981,0.10425778917042872,-0.07835835531669447,0.9884056046486842
120,0.25781024877148634,-0.013426058005271604,1.1626894156665013,-0.11297343490430672,-0.00014669996674014654,1.0329451924184403,0.0,0.0,0.0,-0.22557681655450912,0.18997082009286767,0.9981271364013411,0.31413665877731417,0.2543090687382916,0.976483318499986,-0.1921492813839102,0.18272115288485288,0.7481523262758788,0.0,0.0,0.0,0.0,0.0,0.0,0.0,0.0,0.0,0.0,0.0,0.0,0.0,0.0,0.0,0.0,0.0,0.0,0.1134933844449255,-0.32987043900234964,0.8958434936090337,0.10543010180212127,-0.07836057537103619,0.9916157430513456
121,0.0,0.0,0.0,-0.09263088401188775,-0.01700322037533668,1.041636992366429,0.31739395455718716,0.1882926527048557,1.1251150359420001,-0.2532100230378731,0.18794145321415145,1.00254566461257,0.3058777157805945,0.2519059668578547,0.9727697634547392,0.0,0.0,0.0,0.0,0.0,0.0,0.0,0.0,0.0,0.0,0.0,0.0,0.0,0.0,0.0,0.0,0.0,0.0,0.0,0.0,0.0,0.0,0.0,0.0,0.06966896060229492,-0.09726804116210801,1.0196654792561357
122,0.0,0.0,0.0,-0.0979892678087052,-0.01800709359350769,1.040680161619257,0.31675615261691,0.18675338718547255,1.1261993631101148,-0.2598737205550132,0.19031503486332457,1.0004764587969184,0.31321317826872414,0.2516013815628693,0.9771349466956115,0.0,0.0,0.0,0.0,0.0,0.0,0.0,0.0,0.0,0.0,0.0,0.0,0.0,0.0,0.0,0.0,0.0,0.0,0.0,0.0,0.0,0.0,0.0,0.0,0.059389748183575654,-0.09667519133276463,1.0171139041404322
123,0.23647720490113577,0.0038352026055080398,1.0143328155825058,-0.10394894293946576,-0.0020929474617871796,1.0175623602172719,0.31491637359234304,0.18556421179050273,1.127218505977409,-0.2666533297353337,0.1924977512517865,0.9978270212679528,0.36288997407703966,0.2603253062345512,0.9846847038616321,-0.32642896638418034,0.1733149814220655,0.7281909288220427,0.0,0.0,0.0,0.0,0.0,0.0,0.0,0.0,0.0,0.0,0.0,0.0,0.0,0.0,0.0,0.0,0.0,0.0,0.05162216932534267,-0.3307057499499365,0.8919521836685748,0.07703834407498976,-0.08362731987432818,0.9719878500077018
124,0.23733725756658988,0.0025754128111581376,1.0160545264922551,-0.11220330980622144,-0.008276980364376277,1.0339111210738687,0.0,0.0,0.0,-0.2845203355535664,0.1973831316466328,1.0027438566441174,0.43775920566640575,0.27054497405179506,1.0114408316972319,-0.3547928972868343,0.16760010576979767,0.7429722237814582,0.0,0.0,0.0,0.0,0.0,0.0,0.0,0.0,0.0,0.0,0.0,0.0,0.0,0.0,0.0,0.0,0.0,0.0,0.054788961846133064,-0.33127796267650034,0.8941796786563294,0.06599647118644063,-0.10870232874775977,1.0298950756396297
125,0.232172270720962,0.003840943118082114,1.0102484986032432,-0.13481168537430296,0.003286653729350207,1.0308182162566857,0.30980961609968294,0.18273540163226282,1.1235383272035653,-0.28910519670758394,0.1861213690714937,1.0124410958155627,0.3646440672905881,0.2662519106327794,0.979299309054576,-0.4645050273827819,0.15426132493244704,0.7864277198952524,0.0,0.0,0.0,0.0,0.0,0.0,0.0,0.0,0.0,0.0,0.0,0.0,0.0,0.0,0.0,0.0,0.0,0.0,0.054514713293021655,-0.32379807968122276,0.8872108143041767,0.06052300989868644,-0.08026483785943618,0.9527767083605424
126,0.0,0.0,0.0,-0.12760324991929345,-0.014096609096709551,1.0411916336461158,0.31033775629426236,0.1831691602718099,1.1164709609052101,0.0,0.0,0.0,0.35936517099754806,0.26567105166907196,0.975102119135599,0.0,0.0,0.0,0.0,0.0,0.0,0.0,0.0,0.0,0.0,0.0,0.0,0.0,0.0,0.0,0.0,0.0,0.0,0.0,0.0,0.0,0.0,0.0,0.0,0.0341723406295814,-0.09493217098198696,1.0127576002053307
127,0.0,0.0,0.0,-0.09606589186572807,-0.033012722922605514,1.065308845563578,0.0,0.0,0.0,0.0,0.0,0.0,0.41066157200835046,0.2773353242009904,0.9902357493611421,0.0,0.0,0.0,0.0,0.0,0.0,0.0,0.0,0.0,0.0,0.0,0.0,0.0,0.0,0.0,0.0,0.0,0.0,0.0,0.0,0.0,0.0,0.0,0.0,0.017848716517473565,-0.13074708927216577,1.033714457475133
128,0.0,0.0,0.0,-0.09606589186572807,-0.033012722922605514,1.065308845563578,0.0,0.0,0.0,0.0,0.0,0.0,0.39862689496019116,0.2797516768835507,0.9814244615495434,0.0,0.0,0.0,0.0,0.0,0.0,0.0,0.0,0.0,0.0,0.0,0.0,0.0,0.0,0.0,0.0,0.0,0.0,0.0,0.0,0.0,0.0,0.0,0.0,0.015921625656691214,-0.13186622383199445,1.0345058545280692
129,0.0,0.0,0.0,-0.10534550409203668,-0.032379330949860216,1.0614047893877372,0.0,0.0,0.0,0.0,0.0,0.0,0.38841305912571206,0.2788035601719972,0.9745229789717987,0.0,0.0,0.0,0.0,0.0,0.0,0.0,0.0,0.0,0.0,0.0,0.0,0.0,0.0,0.0,0.0,0.0,0.0,0.0,0.0,0.0,0.0,0.0,0.0,0.012832141392558267,-0.12292792857845838,1.026911301787253
130,0.0,0.0,0.0,-0.10610215282933012,-0.0305643582545788,1.0612314881834104,0.0,0.0,0.0,0.0,0.0,0.0,0.37662282319933205,0.2812765811786153,0.9658034509663146,0.0,0.0,0.0,0.0,0.0,0.0,0.0,0.0,0.0,0.0,0.0,0.0,0.0,0.0,0.0,0.0,0.0,0.0,0.0,0.0,0.0,0.0,0.0,0.0,0.010797430448493267,-0.11968133259780052,1.0225338807455988
131,0.0,0.0,0.0,-0.12393291584944303,-0.03356168617706711,1.053873573748595,0.0,0.0,0.0,0.0,0.0,0.0,0.3652164742063758,0.2796748867734437,0.9551085512598015,0.0,0.0,0.0,0.0,0.0,0.0,0.0,0.0,0.0,0.0,0.0,0.0,0.0,0.0,0.0,0.0,0.0,0.0,0.0,0.0,0.0,0.0,0.0,0.0,-0.00038819003594783765,-0.12109371705292037,1.020222003405942
132,0.0,0.0,0.0,-0.12284279571017263,-0.034263805418761194,1.0551973968525834,0.0,0.0,0.0,0.0,0.0,0.0,0.3718609412586417,0.262164219539998,0.9642481789833488,0.0,0.0,0.0,0.0,0.0,0.0,0.0,0.0,0.0,0.0,0.0,0.0,0.0,0.0,0.0,0.0,0.0,0.0,0.0,0.0,0.0,0.0,0.0,0.0,-0.0068865446559237325,-0.12479131519086686,1.0191062500450618
133,0.0,0.0,0.0,-0.12179636017383096,-0.03464324348468402,1.0561811719826204,0.0,0.0,0.0,0.0,0.0,0.0,0.3542273921289046,0.26832276437724906,0.9503522955769659,0.0,0.0,0.0,0.0,0.0,0.0,0.0,0.0,0.0,0.0,0.0,0.0,0.0,0.0,0.0,0.0,0.0,0.0,0.0,0.0,0.0,0.0,0.0,0.0,-0.0068865446559237325,-0.12479131519086686,1.0191062500450618
134,0.0,0.0,0.0,-0.1272416436809712,-0.031418431527585215,1.0498436390874857,0.0,0.0,0.0,0.0,0.0,0.0,0.3408580920484873,0.2610792724761779,0.9323651240796882,0.0,0.0,0.0,0.0,0.0,0.0,0.0,0.0,0.0,0.0,0.0,0.0,0.0,0.0,0.0,0.0,0.0,0.0,0.0,0.0,0.0,0.0,0.0,0.0,-0.0003233942162332417,-0.12396507782504741,1.0212996357763473
135,0.0,0.0,0.0,-0.1261322445053043,-0.032139069746226795,1.051196819518836,0.0,0.0,0.0,0.0,0.0,0.0,0.32730532909352356,0.27271192966694,0.913613763906565,0.0,0.0,0.0,0.0,0.0,0.0,0.0,0.0,0.0,0.0,0.0,0.0,0.0,0.0,0.0,0.0,0.0,0.0,0.0,0.0,0.0,0.0,0.0,0.0,-0.0003233942162332417,-0.12396507782504741,1.0212996357763473
136,0.0,0.0,0.0,0.0,0.0,0.0,0.0,0.0,0.0,0.0,0.0,0.0,0.0,0.0,0.0,0.0,0.0,0.0,0.0,0.0,0.0,0.0,0.0,0.0,0.0,0.0,0.0,0.0,0.0,0.0,0.0,0.0,0.0,0.0,0.0,0.0,0.0,0.0,0.0,0.0,0.0,0.0
137,0.1979672871892184,-9.94764248363195e-05,0.9956353544941593,-0.1655696632700412,-0.009138752206488914,1.0212601538702881,0.3062705532171938,0.18646332619676606,1.0822029505159563,-0.38544167778150523,0.136271863023178,0.9796378038446747,0.3090528380612063,0.2413115666295289,0.9011110662716592,0.0,0.0,0.0,0.0,0.0,0.0,0.0,0.0,0.0,0.0,0.0,0.0,0.0,0.0,0.0,0.0,0.0,0.0,0.0,0.0,0.0,0.020338173854549276,-0.3216640473234241,0.8690885962110221,0.010875222717526686,-0.08173991912431332,0.946680499264542
138,0.1979672871892184,-9.94764248363195e-05,0.9956353544941593,-0.1670241128263242,-0.009318433490937594,1.0215791293694043,0.0,0.0,0.0,-0.3803927259439669,0.13722065761299737,0.9755501299708244,0.316440173750617,0.2588663221705047,0.8868930405695827,0.0,0.0,0.0,0.0,0.0,0.0,0.0,0.0,0.0,0.0,0.0,0.0,0.0,0.0,0.0,0.0,0.0,0.0,0.0,0.0,0.0,0.016389146993899043,-0.3205762395688297,0.865269999489436,0.008695517103391106,-0.10051599294575948,1.0052106038539483
